Workbook

Sheet HR_Summary_Dashboard
B1: HR Attrition Analysis
B2: Total Employees | E2: Total Leavers | H2: Overall Attrition Rate | K2: Avg Tenture of Leavers
B3: =COUNTA('HR-Employee-Attrition'!A2:A1471) -> 1470 | E3: =COUNTIF('HR-Employee-Attrition'!B2:B1471, "Yes") -> 237 | H3: =E3/B3 -> 0.16122449 | K3: =AVERAGEIF('HR-Employee-Attrition'!B2:B1471, "Yes", 'HR-Employee-Attrition'!AF2:AF1471) -> 5.1308017

Sheet Pivot_Analysis
A3: Row Labels | B3: Average of Attrition_Flag | D3: Row Labels | E3: Average of Attrition_Flag
A4: Human Resources | B4: 0.19047619 | D4: Yes | E4: 0.30528846
A5: Research & Development | B5: 0.1383975 | D5: No | E5: 0.10436433
A6: Sales | B6: 0.20627803 | D6: Grand Total | E6: 0.16122449
A7: Grand Total | B7: 0.16122449
A10: Row Labels | B10: Average of Attrition_Flag | D10: Row Labels | E10: Average of MonthlyIncome
A11: Sales Representative | B11: 0.39759036 | D11: No | E11: 6832.7397
A12: Laboratory Technician | B12: 0.23938224 | D12: Yes | E12: 4787.0928
A13: Human Resources | B13: 0.23076923 | D13: Grand Total | E13: 6502.9313
A14: Sales Executive | B14: 0.17484663
A15: Research Scientist | B15: 0.1609589
A16: Manufacturing Director | B16: 0.068965517 | D16: Average of Attrition_Flag | E16: Column Labels
A17: Healthcare Representative | B17: 0.06870229 | D17: Row Labels | E17: 0-1 yrs (New) | F17: 10+ yrs (Veteran) | G17: 5-9 yrs (Senior) | H17: 2-4 yrs (Mid) | I17: Grand Total
A18: Manager | B18: 0.049019608 | D18: Under 25 | E18: 0.60465116 | G18: 0.25 | H18: 0.21428571 | I18: 0.39175258
A19: Research Director | B19: 0.025 | D19: 25-34 | E19: 0.43939394 | F19: 0.13207547 | G19: 0.13043478 | H19: 0.25657895 | I19: 0.20216606
A20: Grand Total | B20: 0.16122449 | D20: 35-44 | E20: 0.2 | F20: 0.083333333 | G20: 0.068965517 | H20: 0.11 | I20: 0.1009901
D21: 45-54 | E21: 0.15 | F21: 0.074074074 | G21: 0.11627907 | H21: 0.10344828 | I21: 0.10204082
D22: 55+ | E22: 0.18181818 | F22: 0.2173913 | G22: 0.13636364 | H22: 0.076923077 | I22: 0.15942029
D23: Grand Total | E23: 0.34883721 | F23: 0.10382514 | G23: 0.11068702 | H23: 0.18082192 | I23: 0.16122449

Sheet HR-Employee-Attrition
A1: Age | B1: Attrition | C1: BusinessTravel | D1: DailyRate | E1: Department | F1: DistanceFromHome | G1: Education | H1: EducationField | I1: EmployeeCount | J1: EmployeeNumber | K1: EnvironmentSatisfaction | L1: Gender | M1: HourlyRate | N1: JobInvolvement | O1: JobLevel | P1: JobRole | Q1: JobSatisfaction | R1: MaritalStatus | S1: MonthlyIncome | T1: MonthlyRate | U1: NumCompaniesWorked | V1: Over18 | W1: OverTime | X1: PercentSalaryHike | Y1: PerformanceRating | Z1: RelationshipSatisfaction | AA1: StandardHours | AB1: StockOptionLevel | AC1: TotalWorkingYears | AD1: TrainingTimesLastYear | AE1: WorkLifeBalance | AF1: YearsAtCompany | AG1: YearsInCurrentRole | AH1: YearsSinceLastPromotion | AI1: YearsWithCurrManager | AJ1: Attrition_Flag | AK1: Age_Group | AL1: Tenure_Group | AM1: Income_Band | AN1: High_Risk_Flag
A2: 41 | B2: Yes | C2: Travel_Rarely | D2: 1102 | E2: Sales | F2: 1 | G2: 2 | H2: Life Sciences | I2: 1 | J2: 1 | K2: 2 | L2: Female | M2: 94 | N2: 3 | O2: 2 | P2: Sales Executive | Q2: 4 | R2: Single | S2: 5993 | T2: 19479 | U2: 8 | V2: Y | W2: Yes | X2: 11 | Y2: 3 | Z2: 1 | AA2: 80 | AB2: 0 | AC2: 8 | AD2: 0 | AE2: 1 | AF2: 6 | AG2: 4 | AH2: 0 | AI2: 5 | AJ2: =IF(B2="Yes", 1, 0) -> 1 | AK2: =IF(A2<25, "Under 25", IF(A2<35, "25-34", IF(A2<45, "35-44", IF(A2<55, "45-54", "55+")))) -> 35-44 | AL2: =IF(AF2<2, "0-1 yrs (New)", IF(AF2<5, "2-4 yrs (Mid)", IF(AF2<10, "5-9 yrs (Senior)", "10+ yrs (Veteran)"))) -> 5-9 yrs (Senior) | AM2: =IF(S2<3000, "Low (<3K)", IF(S2<7000, "Mid (3K-7K)", IF(S2<12000, "High (7K-12K)", "Very High (12K+)"))) -> Mid (3K-7K) | AN2: =IF(AND(W2="Yes", Q2<=2), "High Risk", "Normal") -> Normal | AP2: Total Employees | AQ2: =COUNTA(A2:A1471) -> 1470
A3: 49 | B3: No | C3: Travel_Frequently | D3: 279 | E3: Research & Development | F3: 8 | G3: 1 | H3: Life Sciences | I3: 1 | J3: 2 | K3: 3 | L3: Male | M3: 61 | N3: 2 | O3: 2 | P3: Research Scientist | Q3: 2 | R3: Married | S3: 5130 | T3: 24907 | U3: 1 | V3: Y | W3: No | X3: 23 | Y3: 4 | Z3: 4 | AA3: 80 | AB3: 1 | AC3: 10 | AD3: 3 | AE3: 3 | AF3: 10 | AG3: 7 | AH3: 1 | AI3: 7 | AJ3: =IF(B3="Yes", 1, 0) -> 0 | AK3: =IF(A3<25, "Under 25", IF(A3<35, "25-34", IF(A3<45, "35-44", IF(A3<55, "45-54", "55+")))) -> 45-54 | AL3: =IF(AF3<2, "0-1 yrs (New)", IF(AF3<5, "2-4 yrs (Mid)", IF(AF3<10, "5-9 yrs (Senior)", "10+ yrs (Veteran)"))) -> 10+ yrs (Veteran) | AM3: =IF(S3<3000, "Low (<3K)", IF(S3<7000, "Mid (3K-7K)", IF(S3<12000, "High (7K-12K)", "Very High (12K+)"))) -> Mid (3K-7K) | AN3: =IF(AND(W3="Yes", Q3<=2), "High Risk", "Normal") -> Normal | AP3: Employees Left | AQ3: =COUNTIF(B2:B1471, "Yes") -> 237
A4: 37 | B4: Yes | C4: Travel_Rarely | D4: 1373 | E4: Research & Development | F4: 2 | G4: 2 | H4: Other | I4: 1 | J4: 4 | K4: 4 | L4: Male | M4: 92 | N4: 2 | O4: 1 | P4: Laboratory Technician | Q4: 3 | R4: Single | S4: 2090 | T4: 2396 | U4: 6 | V4: Y | W4: Yes | X4: 15 | Y4: 3 | Z4: 2 | AA4: 80 | AB4: 0 | AC4: 7 | AD4: 3 | AE4: 3 | AF4: 0 | AG4: 0 | AH4: 0 | AI4: 0 | AJ4: =IF(B4="Yes", 1, 0) -> 1 | AK4: =IF(A4<25, "Under 25", IF(A4<35, "25-34", IF(A4<45, "35-44", IF(A4<55, "45-54", "55+")))) -> 35-44 | AL4: =IF(AF4<2, "0-1 yrs (New)", IF(AF4<5, "2-4 yrs (Mid)", IF(AF4<10, "5-9 yrs (Senior)", "10+ yrs (Veteran)"))) -> 0-1 yrs (New) | AM4: =IF(S4<3000, "Low (<3K)", IF(S4<7000, "Mid (3K-7K)", IF(S4<12000, "High (7K-12K)", "Very High (12K+)"))) -> Low (<3K) | AN4: =IF(AND(W4="Yes", Q4<=2), "High Risk", "Normal") -> Normal | AP4: Employees Stayed | AQ4: =COUNTIF(B2:B1471, "No") -> 1233
A5: 33 | B5: No | C5: Travel_Frequently | D5: 1392 | E5: Research & Development | F5: 3 | G5: 4 | H5: Life Sciences | I5: 1 | J5: 5 | K5: 4 | L5: Female | M5: 56 | N5: 3 | O5: 1 | P5: Research Scientist | Q5: 3 | R5: Married | S5: 2909 | T5: 23159 | U5: 1 | V5: Y | W5: Yes | X5: 11 | Y5: 3 | Z5: 3 | AA5: 80 | AB5: 0 | AC5: 8 | AD5: 3 | AE5: 3 | AF5: 8 | AG5: 7 | AH5: 3 | AI5: 0 | AJ5: =IF(B5="Yes", 1, 0) -> 0 | AK5: =IF(A5<25, "Under 25", IF(A5<35, "25-34", IF(A5<45, "35-44", IF(A5<55, "45-54", "55+")))) -> 25-34 | AL5: =IF(AF5<2, "0-1 yrs (New)", IF(AF5<5, "2-4 yrs (Mid)", IF(AF5<10, "5-9 yrs (Senior)", "10+ yrs (Veteran)"))) -> 5-9 yrs (Senior) | AM5: =IF(S5<3000, "Low (<3K)", IF(S5<7000, "Mid (3K-7K)", IF(S5<12000, "High (7K-12K)", "Very High (12K+)"))) -> Low (<3K) | AN5: =IF(AND(W5="Yes", Q5<=2), "High Risk", "Normal") -> Normal | AP5: Overall Attrition Rate | AQ5: =AQ3 /AQ2 -> 0.16122449
A6: 27 | B6: No | C6: Travel_Rarely | D6: 591 | E6: Research & Development | F6: 2 | G6: 1 | H6: Medical | I6: 1 | J6: 7 | K6: 1 | L6: Male | M6: 40 | N6: 3 | O6: 1 | P6: Laboratory Technician | Q6: 2 | R6: Married | S6: 3468 | T6: 16632 | U6: 9 | V6: Y | W6: No | X6: 12 | Y6: 3 | Z6: 4 | AA6: 80 | AB6: 1 | AC6: 6 | AD6: 3 | AE6: 3 | AF6: 2 | AG6: 2 | AH6: 2 | AI6: 2 | AJ6: =IF(B6="Yes", 1, 0) -> 0 | AK6: =IF(A6<25, "Under 25", IF(A6<35, "25-34", IF(A6<45, "35-44", IF(A6<55, "45-54", "55+")))) -> 25-34 | AL6: =IF(AF6<2, "0-1 yrs (New)", IF(AF6<5, "2-4 yrs (Mid)", IF(AF6<10, "5-9 yrs (Senior)", "10+ yrs (Veteran)"))) -> 2-4 yrs (Mid) | AM6: =IF(S6<3000, "Low (<3K)", IF(S6<7000, "Mid (3K-7K)", IF(S6<12000, "High (7K-12K)", "Very High (12K+)"))) -> Mid (3K-7K) | AN6: =IF(AND(W6="Yes", Q6<=2), "High Risk", "Normal") -> Normal
A7: 32 | B7: No | C7: Travel_Frequently | D7: 1005 | E7: Research & Development | F7: 2 | G7: 2 | H7: Life Sciences | I7: 1 | J7: 8 | K7: 4 | L7: Male | M7: 79 | N7: 3 | O7: 1 | P7: Laboratory Technician | Q7: 4 | R7: Single | S7: 3068 | T7: 11864 | U7: 0 | V7: Y | W7: No | X7: 13 | Y7: 3 | Z7: 3 | AA7: 80 | AB7: 0 | AC7: 8 | AD7: 2 | AE7: 2 | AF7: 7 | AG7: 7 | AH7: 3 | AI7: 6 | AJ7: =IF(B7="Yes", 1, 0) -> 0 | AK7: =IF(A7<25, "Under 25", IF(A7<35, "25-34", IF(A7<45, "35-44", IF(A7<55, "45-54", "55+")))) -> 25-34 | AL7: =IF(AF7<2, "0-1 yrs (New)", IF(AF7<5, "2-4 yrs (Mid)", IF(AF7<10, "5-9 yrs (Senior)", "10+ yrs (Veteran)"))) -> 5-9 yrs (Senior) | AM7: =IF(S7<3000, "Low (<3K)", IF(S7<7000, "Mid (3K-7K)", IF(S7<12000, "High (7K-12K)", "Very High (12K+)"))) -> Mid (3K-7K) | AN7: =IF(AND(W7="Yes", Q7<=2), "High Risk", "Normal") -> Normal | AP7: Identifying duplucates & constant columns
A8: 59 | B8: No | C8: Travel_Rarely | D8: 1324 | E8: Research & Development | F8: 3 | G8: 3 | H8: Medical | I8: 1 | J8: 10 | K8: 3 | L8: Female | M8: 81 | N8: 4 | O8: 1 | P8: Laboratory Technician | Q8: 1 | R8: Married | S8: 2670 | T8: 9964 | U8: 4 | V8: Y | W8: Yes | X8: 20 | Y8: 4 | Z8: 1 | AA8: 80 | AB8: 3 | AC8: 12 | AD8: 3 | AE8: 2 | AF8: 1 | AG8: 0 | AH8: 0 | AI8: 0 | AJ8: =IF(B8="Yes", 1, 0) -> 0 | AK8: =IF(A8<25, "Under 25", IF(A8<35, "25-34", IF(A8<45, "35-44", IF(A8<55, "45-54", "55+")))) -> 55+ | AL8: =IF(AF8<2, "0-1 yrs (New)", IF(AF8<5, "2-4 yrs (Mid)", IF(AF8<10, "5-9 yrs (Senior)", "10+ yrs (Veteran)"))) -> 0-1 yrs (New) | AM8: =IF(S8<3000, "Low (<3K)", IF(S8<7000, "Mid (3K-7K)", IF(S8<12000, "High (7K-12K)", "Very High (12K+)"))) -> Low (<3K) | AN8: =IF(AND(W8="Yes", Q8<=2), "High Risk", "Normal") -> High Risk | AP8: Duplicate Employeees ID's | AQ8: =COUNTIF(J$2:J$1471, J2) -> 1
A9: 30 | B9: No | C9: Travel_Rarely | D9: 1358 | E9: Research & Development | F9: 24 | G9: 1 | H9: Life Sciences | I9: 1 | J9: 11 | K9: 4 | L9: Male | M9: 67 | N9: 3 | O9: 1 | P9: Laboratory Technician | Q9: 3 | R9: Divorced | S9: 2693 | T9: 13335 | U9: 1 | V9: Y | W9: No | X9: 22 | Y9: 4 | Z9: 2 | AA9: 80 | AB9: 1 | AC9: 1 | AD9: 2 | AE9: 3 | AF9: 1 | AG9: 0 | AH9: 0 | AI9: 0 | AJ9: =IF(B9="Yes", 1, 0) -> 0 | AK9: =IF(A9<25, "Under 25", IF(A9<35, "25-34", IF(A9<45, "35-44", IF(A9<55, "45-54", "55+")))) -> 25-34 | AL9: =IF(AF9<2, "0-1 yrs (New)", IF(AF9<5, "2-4 yrs (Mid)", IF(AF9<10, "5-9 yrs (Senior)", "10+ yrs (Veteran)"))) -> 0-1 yrs (New) | AM9: =IF(S9<3000, "Low (<3K)", IF(S9<7000, "Mid (3K-7K)", IF(S9<12000, "High (7K-12K)", "Very High (12K+)"))) -> Low (<3K) | AN9: =IF(AND(W9="Yes", Q9<=2), "High Risk", "Normal") -> Normal
A10: 38 | B10: No | C10: Travel_Frequently | D10: 216 | E10: Research & Development | F10: 23 | G10: 3 | H10: Life Sciences | I10: 1 | J10: 12 | K10: 4 | L10: Male | M10: 44 | N10: 2 | O10: 3 | P10: Manufacturing Director | Q10: 3 | R10: Single | S10: 9526 | T10: 8787 | U10: 0 | V10: Y | W10: No | X10: 21 | Y10: 4 | Z10: 2 | AA10: 80 | AB10: 0 | AC10: 10 | AD10: 2 | AE10: 3 | AF10: 9 | AG10: 7 | AH10: 1 | AI10: 8 | AJ10: =IF(B10="Yes", 1, 0) -> 0 | AK10: =IF(A10<25, "Under 25", IF(A10<35, "25-34", IF(A10<45, "35-44", IF(A10<55, "45-54", "55+")))) -> 35-44 | AL10: =IF(AF10<2, "0-1 yrs (New)", IF(AF10<5, "2-4 yrs (Mid)", IF(AF10<10, "5-9 yrs (Senior)", "10+ yrs (Veteran)"))) -> 5-9 yrs (Senior) | AM10: =IF(S10<3000, "Low (<3K)", IF(S10<7000, "Mid (3K-7K)", IF(S10<12000, "High (7K-12K)", "Very High (12K+)"))) -> High (7K-12K) | AN10: =IF(AND(W10="Yes", Q10<=2), "High Risk", "Normal") -> Normal | AP10: EmployeeCount | AQ10: =COUNTIF(I2:I1471, I2) = COUNTA(I2:I1471) -> TRUE
A11: 36 | B11: No | C11: Travel_Rarely | D11: 1299 | E11: Research & Development | F11: 27 | G11: 3 | H11: Medical | I11: 1 | J11: 13 | K11: 3 | L11: Male | M11: 94 | N11: 3 | O11: 2 | P11: Healthcare Representative | Q11: 3 | R11: Married | S11: 5237 | T11: 16577 | U11: 6 | V11: Y | W11: No | X11: 13 | Y11: 3 | Z11: 2 | AA11: 80 | AB11: 2 | AC11: 17 | AD11: 3 | AE11: 2 | AF11: 7 | AG11: 7 | AH11: 7 | AI11: 7 | AJ11: =IF(B11="Yes", 1, 0) -> 0 | AK11: =IF(A11<25, "Under 25", IF(A11<35, "25-34", IF(A11<45, "35-44", IF(A11<55, "45-54", "55+")))) -> 35-44 | AL11: =IF(AF11<2, "0-1 yrs (New)", IF(AF11<5, "2-4 yrs (Mid)", IF(AF11<10, "5-9 yrs (Senior)", "10+ yrs (Veteran)"))) -> 5-9 yrs (Senior) | AM11: =IF(S11<3000, "Low (<3K)", IF(S11<7000, "Mid (3K-7K)", IF(S11<12000, "High (7K-12K)", "Very High (12K+)"))) -> Mid (3K-7K) | AN11: =IF(AND(W11="Yes", Q11<=2), "High Risk", "Normal") -> Normal | AP11: Over18 | AQ11: =COUNTIF(V2:V1471, V2) = COUNTA(V2:V1471) -> TRUE
A12: 35 | B12: No | C12: Travel_Rarely | D12: 809 | E12: Research & Development | F12: 16 | G12: 3 | H12: Medical | I12: 1 | J12: 14 | K12: 1 | L12: Male | M12: 84 | N12: 4 | O12: 1 | P12: Laboratory Technician | Q12: 2 | R12: Married | S12: 2426 | T12: 16479 | U12: 0 | V12: Y | W12: No | X12: 13 | Y12: 3 | Z12: 3 | AA12: 80 | AB12: 1 | AC12: 6 | AD12: 5 | AE12: 3 | AF12: 5 | AG12: 4 | AH12: 0 | AI12: 3 | AJ12: =IF(B12="Yes", 1, 0) -> 0 | AK12: =IF(A12<25, "Under 25", IF(A12<35, "25-34", IF(A12<45, "35-44", IF(A12<55, "45-54", "55+")))) -> 35-44 | AL12: =IF(AF12<2, "0-1 yrs (New)", IF(AF12<5, "2-4 yrs (Mid)", IF(AF12<10, "5-9 yrs (Senior)", "10+ yrs (Veteran)"))) -> 5-9 yrs (Senior) | AM12: =IF(S12<3000, "Low (<3K)", IF(S12<7000, "Mid (3K-7K)", IF(S12<12000, "High (7K-12K)", "Very High (12K+)"))) -> Low (<3K) | AN12: =IF(AND(W12="Yes", Q12<=2), "High Risk", "Normal") -> Normal | AP12: StandardHours | AQ12: =COUNTIF(AA2:AA1471, AA2) = COUNTA(AA2:AA1471) -> TRUE
A13: 29 | B13: No | C13: Travel_Rarely | D13: 153 | E13: Research & Development | F13: 15 | G13: 2 | H13: Life Sciences | I13: 1 | J13: 15 | K13: 4 | L13: Female | M13: 49 | N13: 2 | O13: 2 | P13: Laboratory Technician | Q13: 3 | R13: Single | S13: 4193 | T13: 12682 | U13: 0 | V13: Y | W13: Yes | X13: 12 | Y13: 3 | Z13: 4 | AA13: 80 | AB13: 0 | AC13: 10 | AD13: 3 | AE13: 3 | AF13: 9 | AG13: 5 | AH13: 0 | AI13: 8 | AJ13: =IF(B13="Yes", 1, 0) -> 0 | AK13: =IF(A13<25, "Under 25", IF(A13<35, "25-34", IF(A13<45, "35-44", IF(A13<55, "45-54", "55+")))) -> 25-34 | AL13: =IF(AF13<2, "0-1 yrs (New)", IF(AF13<5, "2-4 yrs (Mid)", IF(AF13<10, "5-9 yrs (Senior)", "10+ yrs (Veteran)"))) -> 5-9 yrs (Senior) | AM13: =IF(S13<3000, "Low (<3K)", IF(S13<7000, "Mid (3K-7K)", IF(S13<12000, "High (7K-12K)", "Very High (12K+)"))) -> Mid (3K-7K) | AN13: =IF(AND(W13="Yes", Q13<=2), "High Risk", "Normal") -> Normal
A14: 31 | B14: No | C14: Travel_Rarely | D14: 670 | E14: Research & Development | F14: 26 | G14: 1 | H14: Life Sciences | I14: 1 | J14: 16 | K14: 1 | L14: Male | M14: 31 | N14: 3 | O14: 1 | P14: Research Scientist | Q14: 3 | R14: Divorced | S14: 2911 | T14: 15170 | U14: 1 | V14: Y | W14: No | X14: 17 | Y14: 3 | Z14: 4 | AA14: 80 | AB14: 1 | AC14: 5 | AD14: 1 | AE14: 2 | AF14: 5 | AG14: 2 | AH14: 4 | AI14: 3 | AJ14: =IF(B14="Yes", 1, 0) -> 0 | AK14: =IF(A14<25, "Under 25", IF(A14<35, "25-34", IF(A14<45, "35-44", IF(A14<55, "45-54", "55+")))) -> 25-34 | AL14: =IF(AF14<2, "0-1 yrs (New)", IF(AF14<5, "2-4 yrs (Mid)", IF(AF14<10, "5-9 yrs (Senior)", "10+ yrs (Veteran)"))) -> 5-9 yrs (Senior) | AM14: =IF(S14<3000, "Low (<3K)", IF(S14<7000, "Mid (3K-7K)", IF(S14<12000, "High (7K-12K)", "Very High (12K+)"))) -> Low (<3K) | AN14: =IF(AND(W14="Yes", Q14<=2), "High Risk", "Normal") -> Normal
A15: 34 | B15: No | C15: Travel_Rarely | D15: 1346 | E15: Research & Development | F15: 19 | G15: 2 | H15: Medical | I15: 1 | J15: 18 | K15: 2 | L15: Male | M15: 93 | N15: 3 | O15: 1 | P15: Laboratory Technician | Q15: 4 | R15: Divorced | S15: 2661 | T15: 8758 | U15: 0 | V15: Y | W15: No | X15: 11 | Y15: 3 | Z15: 3 | AA15: 80 | AB15: 1 | AC15: 3 | AD15: 2 | AE15: 3 | AF15: 2 | AG15: 2 | AH15: 1 | AI15: 2 | AJ15: =IF(B15="Yes", 1, 0) -> 0 | AK15: =IF(A15<25, "Under 25", IF(A15<35, "25-34", IF(A15<45, "35-44", IF(A15<55, "45-54", "55+")))) -> 25-34 | AL15: =IF(AF15<2, "0-1 yrs (New)", IF(AF15<5, "2-4 yrs (Mid)", IF(AF15<10, "5-9 yrs (Senior)", "10+ yrs (Veteran)"))) -> 2-4 yrs (Mid) | AM15: =IF(S15<3000, "Low (<3K)", IF(S15<7000, "Mid (3K-7K)", IF(S15<12000, "High (7K-12K)", "Very High (12K+)"))) -> Low (<3K) | AN15: =IF(AND(W15="Yes", Q15<=2), "High Risk", "Normal") -> Normal
A16: 28 | B16: Yes | C16: Travel_Rarely | D16: 103 | E16: Research & Development | F16: 24 | G16: 3 | H16: Life Sciences | I16: 1 | J16: 19 | K16: 3 | L16: Male | M16: 50 | N16: 2 | O16: 1 | P16: Laboratory Technician | Q16: 3 | R16: Single | S16: 2028 | T16: 12947 | U16: 5 | V16: Y | W16: Yes | X16: 14 | Y16: 3 | Z16: 2 | AA16: 80 | AB16: 0 | AC16: 6 | AD16: 4 | AE16: 3 | AF16: 4 | AG16: 2 | AH16: 0 | AI16: 3 | AJ16: =IF(B16="Yes", 1, 0) -> 1 | AK16: =IF(A16<25, "Under 25", IF(A16<35, "25-34", IF(A16<45, "35-44", IF(A16<55, "45-54", "55+")))) -> 25-34 | AL16: =IF(AF16<2, "0-1 yrs (New)", IF(AF16<5, "2-4 yrs (Mid)", IF(AF16<10, "5-9 yrs (Senior)", "10+ yrs (Veteran)"))) -> 2-4 yrs (Mid) | AM16: =IF(S16<3000, "Low (<3K)", IF(S16<7000, "Mid (3K-7K)", IF(S16<12000, "High (7K-12K)", "Very High (12K+)"))) -> Low (<3K) | AN16: =IF(AND(W16="Yes", Q16<=2), "High Risk", "Normal") -> Normal
A17: 29 | B17: No | C17: Travel_Rarely | D17: 1389 | E17: Research & Development | F17: 21 | G17: 4 | H17: Life Sciences | I17: 1 | J17: 20 | K17: 2 | L17: Female | M17: 51 | N17: 4 | O17: 3 | P17: Manufacturing Director | Q17: 1 | R17: Divorced | S17: 9980 | T17: 10195 | U17: 1 | V17: Y | W17: No | X17: 11 | Y17: 3 | Z17: 3 | AA17: 80 | AB17: 1 | AC17: 10 | AD17: 1 | AE17: 3 | AF17: 10 | AG17: 9 | AH17: 8 | AI17: 8 | AJ17: =IF(B17="Yes", 1, 0) -> 0 | AK17: =IF(A17<25, "Under 25", IF(A17<35, "25-34", IF(A17<45, "35-44", IF(A17<55, "45-54", "55+")))) -> 25-34 | AL17: =IF(AF17<2, "0-1 yrs (New)", IF(AF17<5, "2-4 yrs (Mid)", IF(AF17<10, "5-9 yrs (Senior)", "10+ yrs (Veteran)"))) -> 10+ yrs (Veteran) | AM17: =IF(S17<3000, "Low (<3K)", IF(S17<7000, "Mid (3K-7K)", IF(S17<12000, "High (7K-12K)", "Very High (12K+)"))) -> High (7K-12K) | AN17: =IF(AND(W17="Yes", Q17<=2), "High Risk", "Normal") -> Normal
A18: 32 | B18: No | C18: Travel_Rarely | D18: 334 | E18: Research & Development | F18: 5 | G18: 2 | H18: Life Sciences | I18: 1 | J18: 21 | K18: 1 | L18: Male | M18: 80 | N18: 4 | O18: 1 | P18: Research Scientist | Q18: 2 | R18: Divorced | S18: 3298 | T18: 15053 | U18: 0 | V18: Y | W18: Yes | X18: 12 | Y18: 3 | Z18: 4 | AA18: 80 | AB18: 2 | AC18: 7 | AD18: 5 | AE18: 2 | AF18: 6 | AG18: 2 | AH18: 0 | AI18: 5 | AJ18: =IF(B18="Yes", 1, 0) -> 0 | AK18: =IF(A18<25, "Under 25", IF(A18<35, "25-34", IF(A18<45, "35-44", IF(A18<55, "45-54", "55+")))) -> 25-34 | AL18: =IF(AF18<2, "0-1 yrs (New)", IF(AF18<5, "2-4 yrs (Mid)", IF(AF18<10, "5-9 yrs (Senior)", "10+ yrs (Veteran)"))) -> 5-9 yrs (Senior) | AM18: =IF(S18<3000, "Low (<3K)", IF(S18<7000, "Mid (3K-7K)", IF(S18<12000, "High (7K-12K)", "Very High (12K+)"))) -> Mid (3K-7K) | AN18: =IF(AND(W18="Yes", Q18<=2), "High Risk", "Normal") -> High Risk
A19: 22 | B19: No | C19: Non-Travel | D19: 1123 | E19: Research & Development | F19: 16 | G19: 2 | H19: Medical | I19: 1 | J19: 22 | K19: 4 | L19: Male | M19: 96 | N19: 4 | O19: 1 | P19: Laboratory Technician | Q19: 4 | R19: Divorced | S19: 2935 | T19: 7324 | U19: 1 | V19: Y | W19: Yes | X19: 13 | Y19: 3 | Z19: 2 | AA19: 80 | AB19: 2 | AC19: 1 | AD19: 2 | AE19: 2 | AF19: 1 | AG19: 0 | AH19: 0 | AI19: 0 | AJ19: =IF(B19="Yes", 1, 0) -> 0 | AK19: =IF(A19<25, "Under 25", IF(A19<35, "25-34", IF(A19<45, "35-44", IF(A19<55, "45-54", "55+")))) -> Under 25 | AL19: =IF(AF19<2, "0-1 yrs (New)", IF(AF19<5, "2-4 yrs (Mid)", IF(AF19<10, "5-9 yrs (Senior)", "10+ yrs (Veteran)"))) -> 0-1 yrs (New) | AM19: =IF(S19<3000, "Low (<3K)", IF(S19<7000, "Mid (3K-7K)", IF(S19<12000, "High (7K-12K)", "Very High (12K+)"))) -> Low (<3K) | AN19: =IF(AND(W19="Yes", Q19<=2), "High Risk", "Normal") -> Normal
A20: 53 | B20: No | C20: Travel_Rarely | D20: 1219 | E20: Sales | F20: 2 | G20: 4 | H20: Life Sciences | I20: 1 | J20: 23 | K20: 1 | L20: Female | M20: 78 | N20: 2 | O20: 4 | P20: Manager | Q20: 4 | R20: Married | S20: 15427 | T20: 22021 | U20: 2 | V20: Y | W20: No | X20: 16 | Y20: 3 | Z20: 3 | AA20: 80 | AB20: 0 | AC20: 31 | AD20: 3 | AE20: 3 | AF20: 25 | AG20: 8 | AH20: 3 | AI20: 7 | AJ20: =IF(B20="Yes", 1, 0) -> 0 | AK20: =IF(A20<25, "Under 25", IF(A20<35, "25-34", IF(A20<45, "35-44", IF(A20<55, "45-54", "55+")))) -> 45-54 | AL20: =IF(AF20<2, "0-1 yrs (New)", IF(AF20<5, "2-4 yrs (Mid)", IF(AF20<10, "5-9 yrs (Senior)", "10+ yrs (Veteran)"))) -> 10+ yrs (Veteran) | AM20: =IF(S20<3000, "Low (<3K)", IF(S20<7000, "Mid (3K-7K)", IF(S20<12000, "High (7K-12K)", "Very High (12K+)"))) -> Very High (12K+) | AN20: =IF(AND(W20="Yes", Q20<=2), "High Risk", "Normal") -> Normal
A21: 38 | B21: No | C21: Travel_Rarely | D21: 371 | E21: Research & Development | F21: 2 | G21: 3 | H21: Life Sciences | I21: 1 | J21: 24 | K21: 4 | L21: Male | M21: 45 | N21: 3 | O21: 1 | P21: Research Scientist | Q21: 4 | R21: Single | S21: 3944 | T21: 4306 | U21: 5 | V21: Y | W21: Yes | X21: 11 | Y21: 3 | Z21: 3 | AA21: 80 | AB21: 0 | AC21: 6 | AD21: 3 | AE21: 3 | AF21: 3 | AG21: 2 | AH21: 1 | AI21: 2 | AJ21: =IF(B21="Yes", 1, 0) -> 0 | AK21: =IF(A21<25, "Under 25", IF(A21<35, "25-34", IF(A21<45, "35-44", IF(A21<55, "45-54", "55+")))) -> 35-44 | AL21: =IF(AF21<2, "0-1 yrs (New)", IF(AF21<5, "2-4 yrs (Mid)", IF(AF21<10, "5-9 yrs (Senior)", "10+ yrs (Veteran)"))) -> 2-4 yrs (Mid) | AM21: =IF(S21<3000, "Low (<3K)", IF(S21<7000, "Mid (3K-7K)", IF(S21<12000, "High (7K-12K)", "Very High (12K+)"))) -> Mid (3K-7K) | AN21: =IF(AND(W21="Yes", Q21<=2), "High Risk", "Normal") -> Normal
A22: 24 | B22: No | C22: Non-Travel | D22: 673 | E22: Research & Development | F22: 11 | G22: 2 | H22: Other | I22: 1 | J22: 26 | K22: 1 | L22: Female | M22: 96 | N22: 4 | O22: 2 | P22: Manufacturing Director | Q22: 3 | R22: Divorced | S22: 4011 | T22: 8232 | U22: 0 | V22: Y | W22: No | X22: 18 | Y22: 3 | Z22: 4 | AA22: 80 | AB22: 1 | AC22: 5 | AD22: 5 | AE22: 2 | AF22: 4 | AG22: 2 | AH22: 1 | AI22: 3 | AJ22: =IF(B22="Yes", 1, 0) -> 0 | AK22: =IF(A22<25, "Under 25", IF(A22<35, "25-34", IF(A22<45, "35-44", IF(A22<55, "45-54", "55+")))) -> Under 25 | AL22: =IF(AF22<2, "0-1 yrs (New)", IF(AF22<5, "2-4 yrs (Mid)", IF(AF22<10, "5-9 yrs (Senior)", "10+ yrs (Veteran)"))) -> 2-4 yrs (Mid) | AM22: =IF(S22<3000, "Low (<3K)", IF(S22<7000, "Mid (3K-7K)", IF(S22<12000, "High (7K-12K)", "Very High (12K+)"))) -> Mid (3K-7K) | AN22: =IF(AND(W22="Yes", Q22<=2), "High Risk", "Normal") -> Normal
A23: 36 | B23: Yes | C23: Travel_Rarely | D23: 1218 | E23: Sales | F23: 9 | G23: 4 | H23: Life Sciences | I23: 1 | J23: 27 | K23: 3 | L23: Male | M23: 82 | N23: 2 | O23: 1 | P23: Sales Representative | Q23: 1 | R23: Single | S23: 3407 | T23: 6986 | U23: 7 | V23: Y | W23: No | X23: 23 | Y23: 4 | Z23: 2 | AA23: 80 | AB23: 0 | AC23: 10 | AD23: 4 | AE23: 3 | AF23: 5 | AG23: 3 | AH23: 0 | AI23: 3 | AJ23: =IF(B23="Yes", 1, 0) -> 1 | AK23: =IF(A23<25, "Under 25", IF(A23<35, "25-34", IF(A23<45, "35-44", IF(A23<55, "45-54", "55+")))) -> 35-44 | AL23: =IF(AF23<2, "0-1 yrs (New)", IF(AF23<5, "2-4 yrs (Mid)", IF(AF23<10, "5-9 yrs (Senior)", "10+ yrs (Veteran)"))) -> 5-9 yrs (Senior) | AM23: =IF(S23<3000, "Low (<3K)", IF(S23<7000, "Mid (3K-7K)", IF(S23<12000, "High (7K-12K)", "Very High (12K+)"))) -> Mid (3K-7K) | AN23: =IF(AND(W23="Yes", Q23<=2), "High Risk", "Normal") -> Normal
A24: 34 | B24: No | C24: Travel_Rarely | D24: 419 | E24: Research & Development | F24: 7 | G24: 4 | H24: Life Sciences | I24: 1 | J24: 28 | K24: 1 | L24: Female | M24: 53 | N24: 3 | O24: 3 | P24: Research Director | Q24: 2 | R24: Single | S24: 11994 | T24: 21293 | U24: 0 | V24: Y | W24: No | X24: 11 | Y24: 3 | Z24: 3 | AA24: 80 | AB24: 0 | AC24: 13 | AD24: 4 | AE24: 3 | AF24: 12 | AG24: 6 | AH24: 2 | AI24: 11 | AJ24: =IF(B24="Yes", 1, 0) -> 0 | AK24: =IF(A24<25, "Under 25", IF(A24<35, "25-34", IF(A24<45, "35-44", IF(A24<55, "45-54", "55+")))) -> 25-34 | AL24: =IF(AF24<2, "0-1 yrs (New)", IF(AF24<5, "2-4 yrs (Mid)", IF(AF24<10, "5-9 yrs (Senior)", "10+ yrs (Veteran)"))) -> 10+ yrs (Veteran) | AM24: =IF(S24<3000, "Low (<3K)", IF(S24<7000, "Mid (3K-7K)", IF(S24<12000, "High (7K-12K)", "Very High (12K+)"))) -> High (7K-12K) | AN24: =IF(AND(W24="Yes", Q24<=2), "High Risk", "Normal") -> Normal
... A1471: 34 | B1471: No | C1471: Travel_Rarely | D1471: 628 | E1471: Research & Development | F1471: 8 | G1471: 3 | H1471: Medical | I1471: 1 | J1471: 2068 | K1471: 2 | L1471: Male | M1471: 82 | N1471: 4 | O1471: 2 | P1471: Laboratory Technician | Q1471: 3 | R1471: Married | S1471: 4404 | T1471: 10228 | U1471: 2 | V1471: Y | W1471: No | X1471: 12 | Y1471: 3 | Z1471: 1 | AA1471: 80 | AB1471: 0 | AC1471: 6 | AD1471: 3 | AE1471: 4 | AF1471: 4 | AG1471: 3 | AH1471: 1 | AI1471: 2 | AJ1471: =IF(B1471="Yes", 1, 0) -> 0 | AK1471: =IF(A1471<25, "Under 25", IF(A1471<35, "25-34", IF(A1471<45, "35-44", IF(A1471<55, "45-54", "55+")))) -> 25-34 | AL1471: =IF(AF1471<2, "0-1 yrs (New)", IF(AF1471<5, "2-4 yrs (Mid)", IF(AF1471<10, "5-9 yrs (Senior)", "10+ yrs (Veteran)"))) -> 2-4 yrs (Mid) | AM1471: =IF(S1471<3000, "Low (<3K)", IF(S1471<7000, "Mid (3K-7K)", IF(S1471<12000, "High (7K-12K)", "Very High (12K+)"))) -> Mid (3K-7K) | AN1471: =IF(AND(W1471="Yes", Q1471<=2), "High Risk", "Normal") -> Normal

Sheet Data_Quality_Check
A1: Column Checked | B1: Blank Column
A2: Age | B2: =COUNTBLANK('HR-Employee-Attrition'!A2:A1471) -> 0
A3: Attrition | B3: =COUNTBLANK('HR-Employee-Attrition'!B2:B1471) -> 0
A4: Department | B4: =COUNTBLANK('HR-Employee-Attrition'!E2:E1471) -> 0
A5: MonthlyIncome | B5: =COUNTBLANK('HR-Employee-Attrition'!S2:S1471) -> 0
A6: YearsAtCompany | B6: =COUNTBLANK('HR-Employee-Attrition'!AF2:AF1471) -> 0
